{"playerPosition":{"x":-6.1200056076049809,"y":-0.580000102519989,"z":0.0},"goldAmount":0}