{"playerPosition":{"x":0.5799999833106995,"y":-0.23000000417232514,"z":0.0},"goldAmount":0}